{ "nodes_num" :  7,
    "deadline" :  20,
    "node_people" :  [[1,0],[2,1],[3,2],[4,4],[5,5],[6,0],[7,6]],
    "n1_n2_weight" :  [[1, 2, 0.12345679012345678], [1, 3, 0.1111111111111111], [2, 3, 0.11728395061728394], [1, 6, 0.11728395061728394], [1, 7, 0.10493827160493827], [3, 6, 0.11728395061728394], [3, 4, 0.11728395061728394], [4, 5, 0.08024691358024691], [7, 4, 0.1111111111111111]]}
  
  